{"DefaultTint":{"r":1.0,"g":1.0,"b":1.0,"a":0.0},"FoldersData":{"Keys":["aeaf30f6749922f4daae7df289ef14d3","a907576ec98fa3b41ac34c086bceb056","7f677483724433743aa2d2033fdac009"],"Values":[{"_guid":"aeaf30f6749922f4daae7df289ef14d3","_color":{"r":0.2392156571149826,"g":0.800000011920929,"b":0.31271907687187197,"a":0.5411764979362488},"_recursive":true},{"_guid":"a907576ec98fa3b41ac34c086bceb056","_color":{"r":0.2392156571149826,"g":0.714392364025116,"b":0.800000011920929,"a":0.48235294222831728},"_recursive":true},{"_guid":"7f677483724433743aa2d2033fdac009","_color":{"r":0.843137264251709,"g":0.23945102095603944,"b":0.29882991313934328,"a":0.4431372582912445},"_recursive":true}]}}